,piece,file,rank,index,probability,count
0,p,a,1,672,0.0,0
36,p,d,1,708,0.0,0
726,P,e,8,54,0.0,0
708,p,d,8,36,0.0,0
12,p,b,1,684,0.0,0
714,P,d,8,42,0.0,0
720,p,e,8,48,0.0,0
738,P,f,8,66,0.0,0
732,p,f,8,60,0.0,0
6,P,a,1,678,0.0,0
744,p,g,8,72,0.0,0
750,P,g,8,78,0.0,0
756,p,h,8,84,0.0,0
762,P,h,8,90,0.0,0
702,P,c,8,30,0.0,0
684,p,b,8,12,0.0,0
696,p,c,8,24,0.0,0
42,P,d,1,714,0.0,0
690,P,b,8,18,0.0,0
54,P,e,1,726,0.0,0
60,p,f,1,732,0.0,0
30,P,c,1,702,0.0,0
66,P,f,1,738,0.0,0
72,p,g,1,744,0.0,0
78,P,g,1,750,0.0,0
48,p,e,1,720,0.0,0
24,p,c,1,696,0.0,0
90,P,h,1,762,0.0,0
672,p,a,8,0,0.0,0
678,P,a,8,6,0.0,0
18,P,b,1,690,0.0,0
84,p,h,1,756,0.0,0
5,k,a,1,677,7.337696880904393e-05,1073
683,K,a,8,11,0.000101961845754226,1491
73,n,g,1,745,0.00010285084910419577,1504
89,k,h,1,761,0.00010777455996556685,1576
767,K,h,8,95,0.00011474981701917587,1678
85,n,h,1,757,0.00011481820189225047,1679
719,K,d,8,47,0.00012425531437654501,1817
29,k,c,1,701,0.00013246149914549683,1937
17,k,b,1,689,0.00013943675619910583,2039
751,N,g,8,79,0.00014292438472591034,2090
755,K,g,8,83,0.0001453862401565959,2126
695,K,b,8,23,0.00014928417792184798,2183
707,K,c,8,35,0.00015359242492554769,2246
77,k,g,1,749,0.00015386596441784608,2250
41,k,d,1,713,0.00015584912573700943,2279
65,k,f,1,737,0.00016357661639443904,2392
731,K,e,8,59,0.00016597008695204996,2427
743,K,f,8,71,0.00016679070542894515,2439
13,n,b,1,685,0.000172261495274913,2519
53,k,e,1,725,0.0001755439691824937,2567
764,B,h,8,92,0.00017759551537473167,2597
763,N,h,8,91,0.00017957867669389502,2626
86,b,h,1,758,0.00020228245455466162,2958
101,k,a,2,581,0.00023661166083810997,3460
691,N,b,8,19,0.000243586917891719,3562
1,n,a,1,673,0.00026841062681779815,3925
185,k,h,2,665,0.0002819508316865686,4123
587,K,a,7,107,0.0002887893189940284,4223
671,K,h,7,191,0.0003097150901548555,4529
61,n,f,1,733,0.00031655357746231534,4629
181,n,h,2,661,0.0003384367368461868,4949
91,N,h,1,763,0.00036168759369155015,5289
739,N,f,8,67,0.0003767322657679618,5509
197,k,a,3,485,0.0003770058052602602,5513
7,N,a,1,679,0.0003871267664753007,5661
137,k,d,2,617,0.00039437556302120814,5767
94,Q,h,1,766,0.00040114566545559335,5866
49,n,e,1,721,0.00040545391245929303,5929
757,n,h,8,85,0.0004066848401746358,5947
2,b,a,1,674,0.00042172951225104743,6167
125,k,c,2,605,0.0004220714366164204,6172
623,K,d,7,143,0.00043301301630835614,6332
113,k,b,2,593,0.00043800511204280184,6405
25,n,c,1,697,0.0004384154212812494,6411
680,B,a,8,8,0.0004412192010773079,6452
37,n,d,1,709,0.00045099823792697547,6595
635,K,e,7,155,0.0004514769320384977,6602
149,k,e,2,629,0.00045257109000769127,6618
752,B,g,8,80,0.00045263947488076586,6619
74,b,g,1,746,0.00045407555721533243,6640
491,K,a,6,203,0.0004586573437113305,6707
173,k,g,2,653,0.0004590676529497781,6713
599,K,b,7,119,0.00046412813355729837,6787
611,K,c,7,131,0.0004661796797495363,6817
659,K,g,7,179,0.0004745910191377119,6940
760,q,h,8,88,0.0004972947969984785,7272
647,K,f,7,167,0.0005001669616676117,7314
727,N,e,8,55,0.0005039281296867146,7369
161,k,f,2,641,0.0005065267548635493,7407
679,N,a,8,7,0.0005070054489750715,7414
293,k,a,4,389,0.0005221185059245577,7635
169,n,g,2,649,0.0005255377495782875,7685
667,N,h,7,187,0.000527520910897451,7714
715,N,d,8,43,0.0005406508065277738,7906
76,q,g,1,748,0.0005779205623534299,8451
703,N,c,8,31,0.0005816133454994582,8505
281,k,h,3,569,0.0005924865403183193,8664
754,Q,g,8,82,0.0006050693569640453,8848
395,K,a,5,299,0.0006153270879252351,8998
655,N,g,7,175,0.000627089286094066,9170
389,k,a,5,293,0.0006365263985783605,9308
575,K,h,6,287,0.0006475363631433708,9469
692,B,b,8,20,0.0006544432353239053,9570
82,Q,g,1,754,0.0006551954689277259,9581
14,b,b,1,686,0.0006741380787693896,9858
97,n,a,2,577,0.0006854215828266983,10023
673,n,a,8,1,0.0007221442596677575,10560
748,q,g,8,76,0.0007311710629136045,10692
299,K,a,4,395,0.0007360947737749756,10764
172,q,g,2,652,0.0007476518173245827,10933
64,q,f,1,736,0.000768372433866186,11236
88,q,h,1,760,0.000785058342896388,11480
38,b,d,1,710,0.0007916232907115494,11576
209,k,b,3,497,0.0008024964855304106,11735
182,b,h,2,662,0.0008035222586265295,11750
742,Q,f,8,70,0.0008052318804533944,11775
50,b,e,1,722,0.0008187037004490903,11972
583,N,a,7,103,0.0008286195070449071,12117
728,B,e,8,56,0.0008292349709025785,12126
740,B,f,8,68,0.0008506394361749277,12439
704,B,c,8,32,0.0008574095386093129,12538
664,q,h,7,184,0.0008596662394207747,12571
487,N,a,6,199,0.0008781985400239908,12842
26,b,c,1,698,0.0008792243131201098,12857
62,b,f,1,734,0.0008967992255002815,13114
277,n,h,3,565,0.0009004236237732352,13167
193,n,a,3,481,0.0009089033480344854,13291
184,q,h,2,664,0.000925315717572389,13531
716,B,d,8,44,0.0009262731057954333,13545
746,b,g,8,74,0.0009266834150338809,13551
503,K,b,6,215,0.000930923277164506,13613
221,k,c,3,509,0.0009426170904602623,13784
766,Q,h,8,94,0.0009640215557326116,14097
190,Q,h,2,670,0.000984742172274215,14400
485,k,a,6,197,0.0009892555738971384,14466
233,k,d,3,521,0.000995957291458449,14564
168,p,g,2,648,0.000996983064554568,14579
658,Q,g,7,178,0.001011617427392532,14793
92,B,h,1,764,0.0010399287648454156,15207
515,K,c,6,227,0.0010399287648454156,15207
157,n,f,2,637,0.0010453995546913836,15287
668,B,h,7,188,0.0010601023024024222,15502
203,K,a,3,491,0.0010620170788485108,15530
527,K,d,6,239,0.0010850627810746504,15867
269,k,g,3,557,0.0010869091726476647,15894
539,K,e,6,251,0.0010894394129514248,15931
98,b,a,2,578,0.0010918328835090357,15966
563,K,g,6,275,0.0010949785876704673,16012
571,N,h,6,283,0.00111152772695452,16254
377,k,h,4,473,0.0011175455957850846,16342
245,k,e,3,533,0.0011217170730426352,16403
16,q,b,1,688,0.0011338895804499137,16581
156,p,f,2,636,0.0011427112290765368,16710
305,k,b,4,401,0.001154610196991517,16884
257,k,f,3,545,0.0011664407800334223,17057
694,Q,b,8,22,0.0011699284085602269,17108
180,p,h,2,660,0.0011836737680482213,17309
479,K,h,5,383,0.0011853833898750861,17334
682,Q,a,8,10,0.0012173191256009235,17801
730,Q,e,8,58,0.0012312696397081416,18005
551,K,f,6,263,0.0012357830413310652,18071
584,B,a,7,104,0.0012622479872109345,18458
144,p,e,2,624,0.001263342145180128,18474
706,Q,c,8,34,0.0012742837248720638,18634
28,q,c,1,700,0.0012904909397907437,18871
52,q,e,1,724,0.0013150411092245245,19230
595,N,b,7,115,0.0013205118990704922,19310
109,n,b,2,589,0.0013278290804894742,19417
145,n,e,2,625,0.0013361720350045752,19539
407,K,b,5,311,0.0013504644734771663,19748
643,N,f,7,163,0.0013672871522535175,19994
4,q,a,1,676,0.0013711850900187696,20051
133,n,d,2,613,0.0013980603451370867,20444
654,P,g,7,174,0.0014022318223946373,20505
75,r,g,1,747,0.0014046252929522482,20540
268,q,g,3,556,0.0014258929884784482,20851
170,b,g,2,650,0.0014453826773047087,21136
158,b,f,2,638,0.001447229068877723,21163
40,q,d,1,712,0.0014561191023774206,21293
160,q,f,2,640,0.0014572816452196888,21310
670,Q,h,7,190,0.0014881232229763325,21761
121,n,c,2,601,0.00148942253556475,21780
666,P,h,7,186,0.001530590229155658,22382
265,n,g,3,553,0.0015382493349400132,22494
656,B,g,7,176,0.0015469342138204872,22621
753,R,g,8,81,0.0015504902272203663,22673
132,p,d,2,612,0.0015621156556430479,22843
642,P,f,7,162,0.0015849562032499637,23177
148,q,e,2,628,0.0016032149643608815,23444
146,b,e,2,626,0.0016035568887262544,23449
559,N,g,6,271,0.0016042407374570005,23459
577,n,a,7,97,0.0016103953760337143,23549
134,b,d,2,614,0.001617097093595025,23647
619,N,d,7,139,0.0016173022482142488,23650
266,b,g,3,554,0.0016277651337946622,23803
646,Q,f,7,166,0.0016306372984637954,23845
630,P,e,7,150,0.0016360397034366886,23924
718,Q,d,8,46,0.0016362448580559124,23927
317,k,c,4,413,0.0016372022462789568,23941
401,k,b,5,305,0.0016614788762204392,24296
644,B,f,7,164,0.0016796008675852077,24561
620,B,d,7,140,0.0016811053347928488,24583
208,q,b,3,496,0.0017027833395574965,24900
631,N,e,7,151,0.001718375090618505,25128
741,R,f,8,69,0.0017252819627990394,25229
63,r,f,1,735,0.0017308211375180818,25310
256,q,f,3,544,0.0017384802433024367,25422
622,Q,d,7,142,0.0017488747440097758,25574
120,p,c,2,600,0.0017503108263443423,25595
758,b,h,8,86,0.0017611156362901288,25753
87,r,h,1,759,0.0017664496563899474,25831
581,k,a,7,101,0.0017666548110091714,25834
136,q,d,2,616,0.0017842981082624176,26092
311,K,b,4,407,0.0017916152896813996,26199
419,K,c,5,323,0.0018223200976918942,26648
562,Q,g,6,274,0.0018362706117991123,26852
10,Q,a,1,682,0.0018389376218490216,26891
96,p,a,2,576,0.0018420833260104532,26937
232,q,d,3,520,0.001846733497379526,27005
634,Q,e,7,154,0.0018837297137128835,27546
115,N,b,2,595,0.0018939874446740731,27696
765,R,h,8,93,0.0019015781655853537,27807
122,b,c,2,602,0.0019110152780696483,27945
103,N,a,2,583,0.0019141609822310797,27991
80,B,g,1,752,0.0019182640746155555,28051
267,r,g,3,555,0.0019279063417190739,28192
108,p,b,2,588,0.0019279747265921485,28193
606,P,c,7,126,0.0019295475786728644,28216
607,N,c,7,127,0.001970783657136847,28819
473,k,h,5,377,0.001973860976425204,28864
502,Q,b,6,214,0.0019791949965250227,28942
365,k,g,4,461,0.0019835032435287225,29005
124,q,c,2,604,0.0019940345139822105,29159
244,q,e,3,532,0.0020116778112354568,29417
677,k,a,8,5,0.0020166699069699024,29490
610,Q,c,7,130,0.00202302970016584,29583
586,Q,a,7,106,0.0020299365723463747,29684
490,Q,a,6,202,0.0020374589083845805,29794
431,K,d,5,335,0.0020539396627955587,30035
594,P,b,7,114,0.002057905985433885,30093
280,q,h,3,568,0.0020600259164991978,30124
8,B,a,1,680,0.0020842341615676056,30478
467,K,g,5,371,0.0020996891428824646,30704
561,R,g,6,273,0.0021172640552626367,30961
383,K,h,4,479,0.0021268379374930805,31101
632,B,e,7,152,0.002135591201246629,31229
560,B,g,6,272,0.0021491314061153994,31427
106,Q,a,2,586,0.0021630819202226176,31631
608,B,c,7,128,0.0021690314041801074,31718
194,b,a,3,482,0.0021932396492485152,32072
279,r,h,3,567,0.0021946073467100074,32092
253,n,f,3,541,0.002196522123156096,32120
100,q,a,2,580,0.0022084894759441505,32295
329,k,d,4,425,0.002212182259090179,32349
394,Q,a,5,298,0.002236048579793214,32698
373,n,h,4,469,0.0022703094012035876,33199
455,K,f,5,359,0.0022970478865757555,33590
582,P,a,7,102,0.0023458746859510186,34304
196,q,a,3,484,0.0023514822455431355,34386
171,r,g,2,651,0.002363654752950414,34564
550,Q,f,6,262,0.002364475371427309,34576
220,q,c,3,508,0.0023729550956885594,34700
443,K,e,5,347,0.0023772633426922592,34763
476,B,h,5,380,0.0023808877409652127,34816
618,P,d,7,138,0.0023902564685764328,34953
341,k,e,4,437,0.0023918293206571487,34976
107,K,a,2,587,0.0023988729625838323,35079
538,Q,e,6,250,0.002402634130602935,35134
353,k,f,4,449,0.0024028392852221588,35137
255,r,f,3,543,0.0024202090429831066,35391
514,Q,c,6,226,0.0024262269118136715,35479
573,R,h,6,285,0.002451802854343571,35853
596,B,b,7,116,0.0024682836087545493,36094
686,b,b,8,14,0.0024738911683466662,36176
206,b,b,3,494,0.0024898932286461224,36410
363,r,g,4,459,0.002513622779603008,36757
477,R,h,5,381,0.00252435920467572,36914
465,R,g,5,369,0.0025251798231526153,36926
657,R,g,7,177,0.0025356427087330287,37079
459,r,g,5,363,0.0025394038767521314,37134
598,Q,b,7,118,0.002547541676648009,37253
110,b,b,2,590,0.0025683306780626865,37557
375,r,h,4,471,0.0025690145267934328,37567
364,q,g,4,460,0.0025733911586702067,37631
51,r,e,1,723,0.002629329984845228,38449
392,B,a,5,296,0.002644511426667789,38671
729,R,e,8,57,0.0026554530063597247,38831
70,Q,f,1,742,0.0026563420097096948,38844
205,n,b,3,493,0.0026789774026973866,39175
549,R,f,6,261,0.002679250942189685,39179
488,B,a,6,200,0.0027035275721311674,39534
526,Q,d,6,238,0.0027087932073579114,39611
386,b,a,5,290,0.002733548531410916,39973
11,K,a,1,683,0.0027437378774990313,40122
589,n,b,7,109,0.0027445584959759264,40134
159,r,f,2,639,0.002758577394956219,40339
568,q,h,6,280,0.002764663648659858,40428
369,R,g,4,465,0.002768971895663558,40491
374,b,h,4,470,0.0027983090062125605,40920
112,q,b,2,592,0.0027984457759587097,40922
15,r,b,1,687,0.0028000870129125,40946
183,r,h,2,663,0.002800292167531724,40949
243,r,e,3,531,0.0028312021301614425,41401
471,r,h,5,375,0.002840844397264961,41542
497,k,b,6,209,0.002855957454214447,41763
189,R,h,2,669,0.0028609495499488926,41836
241,n,e,3,529,0.0028834481731904353,42165
475,N,h,5,379,0.0029050577930820084,42481
175,N,g,2,655,0.0029421223942884406,43023
397,n,b,5,301,0.0029460887169267674,43081
693,R,b,8,21,0.002992795585236718,43764
292,q,a,4,388,0.0030096866488861437,44011
454,Q,f,5,358,0.00301201173457068,44045
290,b,a,4,386,0.0030206282285780797,44171
406,Q,b,5,310,0.003042990082073473,44498
215,K,b,3,503,0.003046409325727203,44548
418,Q,c,5,322,0.0030488711811578885,44584
307,N,b,4,403,0.003057829599530661,44715
381,R,h,4,477,0.0030742419690685647,44955
242,b,e,3,530,0.003091885266321811,45213
663,r,h,7,183,0.003094073582260198,45245
669,R,h,7,189,0.003106177704794402,45422
413,k,c,5,317,0.0031140419651979807,45537
323,K,c,4,419,0.0031169825147401883,45580
27,r,c,1,699,0.0031454306219392213,45996
662,b,h,7,182,0.003168271169546137,46330
645,R,f,7,165,0.0031827003777648772,46541
352,q,f,4,448,0.0031876240886262483,46613
547,N,f,6,259,0.0031967876616182445,46747
178,Q,g,2,658,0.0031983605136989605,46770
254,b,f,3,542,0.0032010275237488697,46809
453,R,f,5,357,0.003216961199175251,47042
676,q,a,8,4,0.0032293388612017536,47223
580,q,a,7,100,0.0032936890267649503,48164
31,N,c,1,703,0.0033450460664439735,48915
289,n,a,4,385,0.00337294709465841,49323
705,R,c,8,33,0.003380606200442765,49435
39,r,d,1,711,0.0033821106676504057,49457
567,r,h,6,279,0.003386692454146404,49524
499,N,b,6,211,0.0033946250994230575,49640
316,q,c,4,412,0.0034044725211457997,49784
536,B,e,6,248,0.003419038499110689,49997
278,b,h,3,566,0.0034441357475290665,50364
340,q,e,4,436,0.003480653269750902,50898
351,r,f,4,447,0.0034837305890392588,50943
202,Q,a,3,490,0.003496108251065761,51124
400,q,b,5,304,0.0035258556708532116,51559
3,r,a,1,675,0.0035259924405993607,51561
652,q,g,7,172,0.0035728360786554604,52246
147,r,e,2,627,0.003578990717232174,52336
537,R,e,6,249,0.003580700339059039,52361
310,Q,b,4,406,0.00358562404992041,52433
457,n,g,5,361,0.0036036092715390298,52696
466,Q,g,5,370,0.0036099006798618926,52788
535,N,e,6,247,0.0036183120192500684,52911
717,R,d,8,45,0.0036197481015846347,52932
391,N,a,5,295,0.003630074217418899,53083
574,Q,h,6,286,0.0036315102997534657,53104
674,b,a,8,2,0.0036757553126327306,53751
442,Q,e,5,346,0.0036878594351669345,53928
681,R,a,8,9,0.003726086579215635,54487
264,p,g,3,552,0.0037373016983998694,54651
697,n,c,8,25,0.0037598687065144866,54981
484,q,a,6,196,0.003816491381420254,55809
736,q,f,8,64,0.0038429563273001234,56196
399,r,b,5,303,0.003896775222409832,56983
371,K,g,4,467,0.003947311643611961,57722
461,k,g,5,365,0.00399504428501803,58420
22,Q,b,1,694,0.0040152862074481115,58716
548,B,f,6,260,0.004020893767040228,58798
230,b,d,3,518,0.004025065244297779,58859
283,N,h,3,571,0.004032382425716761,58966
350,b,f,4,446,0.00404188792307413,59105
304,q,b,4,400,0.004052966272512215,59267
231,r,d,3,519,0.004064591700934896,59437
578,b,a,7,98,0.004076422283976802,59610
309,R,b,4,405,0.004084628468745754,59730
177,R,g,2,657,0.004097006130772256,59911
217,n,c,3,505,0.004115606816248547,60183
500,B,b,6,212,0.0041337971924863895,60449
328,q,d,4,424,0.004214354572968267,61627
286,Q,h,3,574,0.004223312991341039,61758
405,R,b,5,309,0.004230835327379245,61868
593,k,b,7,113,0.004231177251744617,61873
633,R,e,7,153,0.004244717456613388,62071
709,n,d,8,37,0.004256274500162995,62240
188,B,h,2,668,0.004294159719846323,62794
387,r,a,5,291,0.004295937726546262,62820
47,K,d,1,719,0.004379435656570347,64041
367,N,g,4,463,0.004383401979208674,64099
425,k,d,5,329,0.004385316755654762,64127
104,B,a,2,584,0.0043872999169739255,64156
207,r,b,3,495,0.0044020026646849645,64371
339,r,e,4,435,0.004403165207527232,64388
452,B,f,5,356,0.004405285138592545,64419
368,B,g,4,464,0.0044409136574644105,64940
430,Q,d,5,334,0.004448435993502617,65050
472,q,h,5,376,0.004481739426689946,65537
297,R,a,4,393,0.004592864845436168,67162
219,r,c,3,507,0.004593890618532287,67177
291,r,a,4,387,0.004599156253759031,67254
501,R,b,6,213,0.004628972058419556,67690
393,R,a,5,297,0.004634169308773225,67766
558,P,g,6,270,0.00465803562947626,68115
276,p,h,3,564,0.004678893015764012,68420
187,N,h,2,667,0.004715205383366624,68951
555,r,g,6,267,0.004740986480515748,69328
44,B,d,1,716,0.004748987510665476,69445
447,r,f,5,351,0.004771828058272392,69779
218,b,c,3,506,0.004775794380910719,69837
229,n,d,3,517,0.004786462421110356,69993
308,B,b,4,404,0.0047935060630370395,70096
512,B,c,6,224,0.00479412152689471,70105
357,R,f,4,453,0.004814226679578643,70399
335,K,d,4,431,0.004864899870526919,71140
376,q,h,4,472,0.004873311209915096,71263
252,p,f,3,540,0.004934720825936084,72161
303,r,b,4,399,0.004961801235673626,72557
448,q,f,5,352,0.0049681610288695634,72650
195,r,a,3,483,0.004969118417092608,72664
327,r,d,4,423,0.00498402631942287,72882
649,n,g,7,169,0.005009397107333546,73253
240,p,e,3,528,0.0050144575879410664,73327
651,r,g,7,171,0.005020065147533183,73409
119,K,b,2,599,0.005021706384486973,73433
513,R,c,6,225,0.005023826315552286,73464
285,R,h,3,573,0.005025125628140704,73483
56,B,e,1,728,0.005040375454836339,73706
43,N,d,1,715,0.005070396414116087,74145
135,r,d,2,615,0.005093920810453749,74489
524,B,d,6,236,0.005117992285776008,74841
441,R,e,5,345,0.005135088504044658,75091
509,k,c,6,221,0.0051387812871906855,75145
449,k,f,5,353,0.005151842797947934,75336
565,n,h,6,277,0.005151911182821009,75337
359,K,f,4,455,0.0052297331683799015,76475
470,b,h,5,374,0.005306392611096526,77596
321,R,c,4,417,0.005362263052398473,78413
511,N,c,6,223,0.005379017346301749,78658
227,K,c,3,515,0.005413688476950571,79165
661,n,h,7,181,0.005454377476429957,79760
117,R,b,2,597,0.005460874039372044,79855
417,R,c,5,321,0.005479201185356036,80123
495,r,b,6,207,0.005482620429009766,80173
460,q,g,5,364,0.005485560978551973,80216
296,B,a,4,392,0.005524813895696793,80790
483,r,a,6,195,0.005537328327469444,80973
489,R,a,6,201,0.005562630730507046,81343
437,k,e,5,341,0.00560373003922488,81944
435,r,e,5,339,0.005612004608866906,82065
347,K,e,4,443,0.005712803911778863,83539
345,R,e,4,441,0.005714513533605728,83564
287,K,h,3,575,0.005719779168832473,83641
213,R,b,3,501,0.005749936897858371,84082
398,b,b,5,302,0.005750415591969892,84089
478,Q,h,5,382,0.005769016277446183,84361
163,N,f,2,643,0.005782556482314954,84559
314,b,c,4,410,0.0058211939356021015,85124
118,Q,b,2,598,0.0058415042429052575,85421
458,b,g,5,362,0.005842461631128302,85435
382,Q,h,4,478,0.0058602416981276976,85695
621,R,d,7,141,0.005927395643486953,86677
273,R,g,3,561,0.005933413512317518,86765
556,q,g,6,268,0.005940115229878828,86863
429,R,d,5,333,0.005961246155658879,87172
572,B,h,6,284,0.0059926348124001196,87631
228,p,d,3,516,0.005993592200623164,87645
201,R,a,3,489,0.006002550618995937,87776
123,r,c,2,603,0.006019783607010735,88028
569,k,h,6,281,0.00602313446579139,88077
498,P,b,6,210,0.0060550702015172275,88544
411,r,c,5,315,0.006063413156032329,88666
204,p,b,3,492,0.006102802842923297,89242
638,b,f,7,158,0.006145064694483399,89860
315,r,c,4,411,0.006158194590113722,90052
713,k,d,8,41,0.006175632732747745,90307
423,r,d,5,327,0.006185069845232039,90445
523,N,d,6,235,0.0062696619332253175,91682
637,n,f,7,157,0.0062875103850977875,91943
525,R,d,6,237,0.006400892504655471,93601
416,B,c,5,320,0.006420587348100955,93889
710,b,d,8,38,0.006456831330830493,94419
216,p,c,3,504,0.006519335104820675,95333
358,Q,f,4,454,0.006580129256983994,96222
436,q,e,5,340,0.006609329597786847,96649
55,N,e,1,727,0.006644547807420265,97164
111,r,b,2,591,0.006677851240607594,97651
199,N,a,3,487,0.006756562229516457,98802
105,R,a,2,585,0.006826793494164069,99829
486,P,a,6,198,0.006912890049364988,101088
192,p,a,3,480,0.006926635408852982,101289
510,P,c,6,222,0.006961922003359476,101805
20,B,b,1,692,0.0070040470851734276,102421
609,R,c,7,129,0.007019775605980586,102651
507,r,c,6,219,0.007040632992268338,102956
34,Q,c,1,706,0.007103547075496968,103876
640,q,f,7,160,0.00713049071548836,104270
722,b,e,8,50,0.007138491745638088,104387
597,R,b,7,117,0.007161469062991153,104723
131,K,c,2,611,0.0071624264512141975,104737
284,B,h,3,572,0.007172479027556163,104884
99,r,a,2,579,0.007175077652732998,104922
570,P,h,6,282,0.0071940886474477364,105200
591,r,b,7,111,0.007200927134755196,105300
688,q,b,8,16,0.007250642937480429,106027
338,b,e,4,434,0.007258233658391709,106138
519,r,d,6,231,0.007263362523872305,106213
322,Q,c,4,418,0.00731342025096291,106945
543,r,f,6,255,0.007314035714820582,106954
58,Q,e,1,730,0.007363751517545814,107681
370,Q,g,4,466,0.007401363197736844,108231
412,q,c,5,316,0.007420374192451582,108509
440,B,e,5,344,0.007444172128281542,108857
333,R,d,4,429,0.007572940844281011,110740
602,b,c,7,122,0.007653771764255186,111922
127,N,c,2,607,0.007706154577030328,112688
346,Q,e,4,442,0.0077116253668762956,112768
67,N,f,1,739,0.007719558012152949,112884
534,P,e,6,246,0.007784865565939191,113839
566,b,h,6,278,0.007808253192530703,114181
225,R,c,3,513,0.007812903363899776,114249
298,Q,a,4,394,0.007822066936891772,114383
585,R,a,7,105,0.007854960060840653,114864
200,B,a,3,488,0.007885664868851148,115313
349,n,f,4,445,0.007907000949250424,115625
605,k,c,7,125,0.007952545274718106,116291
531,r,e,6,243,0.00801121949581611,117149
451,N,f,5,355,0.008158725667038019,119306
379,N,h,4,475,0.008170077555968403,119472
579,r,a,7,99,0.008410792309190989,122992
532,q,e,6,244,0.008434727014767099,123342
424,q,d,5,328,0.008454011548974134,123624
261,R,f,3,549,0.00863372699541418,126252
415,N,c,5,319,0.008658413934594109,126613
546,P,f,6,258,0.008715446918738323,127447
724,q,e,8,52,0.008816930070381028,128931
689,k,b,8,17,0.008834983676872722,129195
380,B,h,4,476,0.008836351374334214,129215
521,k,d,6,233,0.009039112523000397,132180
592,q,b,7,112,0.009042326612034903,132227
428,B,d,5,332,0.00908185306867202,132805
274,Q,g,3,562,0.009216024189644383,134767
326,b,d,4,422,0.009216092574517458,134768
508,q,c,6,220,0.009302667823829899,136034
361,n,g,4,457,0.009401073656184245,137473
239,K,d,3,527,0.009553708692886749,139705
166,Q,f,2,646,0.009685554728174575,141633
313,n,c,4,409,0.009773018980836986,142912
700,q,c,8,28,0.009792235130170949,143193
494,b,b,6,206,0.009862398009945485,144219
334,Q,d,4,430,0.009989115179752716,146072
295,N,a,4,391,0.010184353992380693,148927
226,Q,c,3,514,0.010213554333183548,149354
517,n,d,6,229,0.010271955014789254,150208
249,R,e,3,537,0.010291923397727037,150500
522,P,d,6,234,0.010435668400929844,152602
601,n,c,7,121,0.010521628186384612,153859
557,k,g,6,269,0.01055000790871057,154274
301,n,b,4,397,0.010583721651136349,154767
481,n,a,6,193,0.010722679713223932,156799
165,R,f,2,645,0.01084324224445445,158562
733,n,f,8,61,0.010890017497637473,159246
237,R,d,3,525,0.01090157454118708,159415
434,b,e,5,338,0.010993210271107043,160755
355,N,f,4,451,0.011009964565010319,161000
422,b,d,5,326,0.011037181744494008,161398
275,K,g,3,563,0.01120807554230743,163897
533,k,e,6,245,0.01122517176057608,164147
463,N,g,5,367,0.011298411959638974,165218
143,K,d,2,623,0.01136973738225578,166261
445,n,f,5,349,0.011472930155725349,167770
344,B,e,4,440,0.011476417784252154,167821
164,B,f,2,644,0.011644097493031068,170273
721,n,e,8,49,0.011868057952350379,173548
617,k,d,7,137,0.011870656577527212,173586
403,N,b,5,307,0.012084701230250705,176716
469,n,h,5,373,0.012127510160795404,177342
554,b,g,6,266,0.012276178874859581,179516
325,n,d,4,421,0.012286778530186143,179671
385,n,a,5,289,0.012326099832204037,180246
235,N,d,3,523,0.01239783556405929,181295
482,b,a,6,194,0.01290764479283042,188750
639,r,f,7,159,0.012922552695160683,188968
251,K,e,3,539,0.012945188088148376,189299
129,R,c,2,609,0.01300208430254644,190131
627,r,e,7,147,0.013099122437439296,191550
332,B,d,4,428,0.01338695436821028,195759
529,n,e,6,241,0.013397348868917618,195911
603,r,c,7,123,0.013531246450397681,197869
263,K,f,3,551,0.013576790775865365,198535
272,B,g,3,560,0.014253185555446215,208426
545,k,f,6,257,0.014277257030768474,208778
153,R,e,2,633,0.014307072835428999,209214
81,R,g,1,753,0.014751711280160036,215716
224,B,c,3,512,0.014863041853525483,217344
544,q,f,6,256,0.01490509855046636,217959
250,Q,e,3,538,0.015111620867151648,220979
520,q,d,6,232,0.015232593707620612,222748
427,N,d,5,331,0.015362114657223902,224642
247,N,e,3,535,0.01547720639860845,226325
747,r,g,8,75,0.01566150363154449,229020
615,r,d,7,135,0.015759704309279615,230456
319,N,c,4,415,0.01580128231210897,231064
362,b,g,4,458,0.01585421220386871,231838
404,B,b,5,308,0.0158601616878262,231925
553,n,g,6,265,0.015944138311961807,233153
388,q,a,5,292,0.016242159588820904,237511
155,K,e,2,635,0.01726629144798609,252487
701,k,c,8,29,0.017520888330442817,256210
71,K,f,1,743,0.01825041815640263,266878
302,b,b,4,398,0.01857593015223772,271638
337,n,e,4,433,0.01876761295146582,274441
141,R,d,2,621,0.019082867216339717,279051
262,Q,f,3,550,0.019580640707449717,286330
506,b,c,6,218,0.01966215547615464,287522
128,B,c,2,608,0.019774922131854653,289171
360,p,g,4,456,0.01982518501356448,289906
214,Q,b,3,502,0.019986915238385906,292271
372,p,h,4,468,0.020213200783389753,295580
410,b,c,5,314,0.020855266356687156,304969
343,N,e,4,439,0.021050231629822835,307820
271,N,g,3,559,0.02150779481556497,314511
409,n,c,5,313,0.021798772450497387,318766
439,N,e,5,343,0.02205282225396952,322481
737,k,f,8,65,0.02224840299096287,325341
629,k,e,7,149,0.02224853976070902,325343
260,B,f,3,548,0.022602568248616214,330520
238,Q,d,3,526,0.022783993316883123,333173
211,N,b,3,499,0.022798559294848014,333386
23,K,b,1,695,0.022945860311450697,335540
212,B,b,3,500,0.023141235893824826,338397
433,n,e,5,337,0.02341361284328095,342380
446,b,f,5,350,0.023642428628588556,345726
167,K,f,2,647,0.024070859858400913,351991
496,q,b,6,208,0.024583062557729653,359481
542,b,f,6,254,0.025064492064174826,366521
641,k,f,7,161,0.025152161471456463,367803
493,n,b,6,205,0.026213494701574226,383323
288,p,a,4,384,0.026488265121587962,387341
348,p,f,4,444,0.02722408635587064,398101
474,P,h,5,378,0.027236942712008664,398289
421,n,d,5,325,0.027449140973159144,401392
665,k,h,7,185,0.0283031996529878,413881
464,B,g,5,368,0.028570516121836406,417790
616,q,d,7,136,0.028750505107768748,420422
35,K,c,1,707,0.02995086478484717,437975
402,P,b,5,306,0.030305371966865887,443159
450,P,f,5,354,0.030508748579389743,446133
191,K,h,2,671,0.030643945473458223,448110
390,P,a,5,294,0.031533564287285674,461119
462,P,g,5,366,0.0316950209726148,463480
518,b,d,6,230,0.03273665935928708,478712
320,B,c,4,416,0.03332237579717101,487277
625,n,e,7,145,0.033913563024900915,495922
356,B,f,4,452,0.03477145125762175,508467
140,B,d,2,620,0.0368221768313828,538455
628,q,e,7,148,0.03789540902941555,554149
414,P,c,5,318,0.03961022810663417,579225
336,p,e,4,432,0.03985614011021043,582821
151,N,e,2,631,0.03988417790817102,583231
116,B,b,2,596,0.04090140289515566,598106
530,b,e,6,242,0.04247958899597124,621184
761,k,h,8,89,0.04281467487403677,626084
324,p,d,4,420,0.0430447899719328,629449
179,K,g,2,659,0.04337652499121767,634300
312,p,c,4,408,0.0438572706489321,641330
21,R,b,1,693,0.044089026983781913,644719
300,p,b,4,396,0.04491559494463458,656806
331,N,d,4,427,0.04600838521636666,672786
130,Q,c,2,610,0.04773052147500427,697969
154,Q,e,2,634,0.04805897402038156,702772
653,k,g,7,173,0.04896548389785844,716028
95,K,h,1,767,0.04963982713124705,725889
614,b,d,7,134,0.05056199714465801,739374
142,Q,d,2,622,0.0509766146301093,745437
687,r,b,8,15,0.051495177122633976,753020
139,N,d,2,619,0.055500205599120896,811586
604,q,c,7,124,0.06101640300081029,892250
456,p,g,5,360,0.06282914921627174,918758
138,P,d,2,618,0.06285246845799018,919099
152,B,e,2,632,0.06704295671025541,980377
590,b,b,7,110,0.07087640754019817,1036434
234,P,d,3,522,0.0727002321050977,1063104
236,B,d,3,524,0.0731500678001824,1069682
33,R,c,1,705,0.07404857664750955,1082821
366,P,g,4,462,0.0744845985982332,1089197
468,p,h,5,372,0.07688901073553607,1124357
699,r,c,8,27,0.0775221178904607,1133615
79,N,g,1,751,0.07958385342878677,1163764
540,p,f,6,252,0.08002069599798729,1170152
306,P,b,4,402,0.08176074909337044,1195597
248,B,e,3,536,0.08205391504424125,1199884
378,P,h,4,474,0.08267785862617388,1209008
711,r,d,8,39,0.0851785566647658,1245576
745,n,g,8,73,0.08699383312053101,1272121
723,r,e,8,51,0.09628049888406146,1407921
613,n,d,7,133,0.09727802902760062,1422508
384,p,a,5,288,0.0979279588613016,1432012
444,p,f,5,348,0.09829826294900054,1437427
438,P,e,5,342,0.0994304429076236,1453983
612,p,d,7,132,0.09998593323160855,1462106
626,b,e,7,146,0.10297544634293769,1505822
294,P,a,4,390,0.10526825436738282,1539350
396,p,b,5,300,0.10624253365407663,1553597
258,P,f,3,546,0.10629341199964412,1554341
426,P,d,5,330,0.1067032425439802,1560334
150,P,e,2,630,0.11015900371993194,1610868
57,R,e,1,729,0.11037386899113233,1614010
176,B,g,2,656,0.11916310318791815,1742536
354,P,f,4,450,0.12126915212399654,1773333
246,P,e,3,534,0.12235496713867501,1789211
505,n,c,6,217,0.12297856879624228,1798330
45,R,d,1,717,0.12606929151972182,1843526
19,N,b,1,691,0.1271947013759105,1859983
210,P,b,3,498,0.13628961595533975,1992979
198,P,a,3,486,0.13651610665496283,1996291
222,P,c,3,510,0.1369915866774505,2003244
492,p,b,6,204,0.13705279113885227,2004139
650,b,g,7,170,0.1496236404317903,2187964
624,p,e,7,144,0.1601635957641589,2342091
504,p,c,6,216,0.1604263304465115,2345933
408,p,c,5,312,0.16586723610294576,2425496
685,n,b,8,13,0.1661194395148449,2429184
564,p,h,6,276,0.1708516727316071,2498384
68,B,f,1,740,0.17173910322949615,2511361
432,p,e,5,336,0.17469756960844943,2554623
734,b,f,8,62,0.17767661983419814,2598186
282,P,h,3,570,0.19036030416770924,2783661
420,p,d,5,324,0.1936866127789308,2832302
600,p,c,7,120,0.19874251159995507,2906235
318,P,c,4,414,0.20057351657652742,2933010
223,N,c,3,511,0.20363360287686955,2977758
69,R,f,1,741,0.20746602793371619,3033800
480,p,a,6,192,0.2139935692233058,3129253
516,p,d,6,228,0.22017139027199195,3219592
735,r,f,8,63,0.22629915359358746,3309199
259,N,f,3,547,0.22833825373892583,3339017
59,K,e,1,731,0.2315131582411602,3385444
126,P,c,2,606,0.23371009067355475,3417570
541,n,f,6,253,0.24196797440655093,3538326
32,B,c,1,704,0.24391311373628483,3566770
270,P,g,3,558,0.2460555434248389,3598099
725,k,e,8,53,0.25063035466378336,3664997
330,P,d,4,426,0.2623033105732519,3835692
93,R,h,1,765,0.2664764290677562,3896716
528,p,e,6,240,0.26690663830426853,3903007
342,P,e,4,438,0.27016695551297304,3950683
759,r,h,8,87,0.2732496772063029,3995762
46,Q,d,1,718,0.28112316956774674,4110897
698,b,c,8,26,0.2816778392732548,4119008
712,q,d,8,40,0.30951130323309317,4526020
552,p,g,6,264,0.31267150498761653,4572232
83,K,g,1,755,0.38332060120971473,5605342
749,k,g,8,77,0.3878469275736493,5671531
9,R,a,1,681,0.4380385522457353,6405489
588,p,b,7,108,0.45304253532266753,6624894
576,p,a,7,96,0.45500668564711616,6653616
648,p,g,7,168,0.45888465502943043,6710324
675,r,a,8,3,0.47218913724071276,6904877
174,P,g,2,654,0.5132280621156214,7504994
114,P,b,2,594,0.514298422148985,7520646
102,P,a,2,582,0.521015047612626,7618864
162,P,f,2,642,0.5535946269184607,8095279
186,P,h,2,666,0.5578360619011665,8157302
660,p,h,7,180,0.5849574341776791,8553901
636,p,f,7,156,0.6085122617838591,8898346
